"id","role_id","permission_id"
"0b33f93b-63f2-11ed-8977-6c2408f06cc1","rladmin3-d1c0-11ec-81c0-38f3ab0673e4","005be29f-d1c9-11ec-81c0-38f3ab0673e4"
"0b33fdea-63f2-11ed-8977-6c2408f06cc1","rladmin3-d1c0-11ec-81c0-38f3ab0673e4","13e55248-d1c5-11ec-81c0-38f3ab0673e4"
"0b33fed9-63f2-11ed-8977-6c2408f06cc1","rladmin3-d1c0-11ec-81c0-38f3ab0673e4","195283d2-61d5-11ed-b62d-00059a3c7a00"
"0b33ff71-63f2-11ed-8977-6c2408f06cc1","rladmin3-d1c0-11ec-81c0-38f3ab0673e4","21fbe010-61d5-11ed-b62d-00059a3c7a00"
"0b33fff3-63f2-11ed-8977-6c2408f06cc1","rladmin3-d1c0-11ec-81c0-38f3ab0673e4","27a33594-61d5-11ed-b62d-00059a3c7a00"
"0b340084-63f2-11ed-8977-6c2408f06cc1","rladmin3-d1c0-11ec-81c0-38f3ab0673e4","2d4f8961-61d5-11ed-b62d-00059a3c7a00"
"0b340106-63f2-11ed-8977-6c2408f06cc1","rladmin3-d1c0-11ec-81c0-38f3ab0673e4","32ff12af-61d5-11ed-b62d-00059a3c7a00"
"0b340196-63f2-11ed-8977-6c2408f06cc1","rladmin3-d1c0-11ec-81c0-38f3ab0673e4","b01481ee-d1c8-11ec-81c0-38f3ab0673e4"
"0b340212-63f2-11ed-8977-6c2408f06cc1","rladmin3-d1c0-11ec-81c0-38f3ab0673e4","b0d14f7a-61d5-11ed-b62d-00059a3c7a00"
"0b34028a-63f2-11ed-8977-6c2408f06cc1","rladmin3-d1c0-11ec-81c0-38f3ab0673e4","deaaef2c-d1c8-11ec-81c0-38f3ab0673e4"
"0b340309-63f2-11ed-8977-6c2408f06cc1","rladmin3-d1c0-11ec-81c0-38f3ab0673e4","e8172595-d1c8-11ec-81c0-38f3ab0673e4"
